{"stats":{"minecraft:killed_by":{"minecraft:player":2,"solo_leveling:goblin_2":1,"minecraft:zombie":1,"cataclysm:coralssus":1},"minecraft:picked_up":{"minecraft:crafting_table":1,"minecraft:charcoal":16,"minecraft:wheat":2,"minecraft:cooked_beef":2,"minecraft:chicken":6,"minecraft:andesite":18,"minecraft:leather":5,"minecraft:smoker":1,"minecraft:potato":9,"minecraft:stone_brick_stairs":1,"minecraft:amethyst_block":23,"minecraft:dirt":3,"solo_leveling:magic_crystal":8,"minecraft:lantern":1,"minecraft:cooked_mutton":1,"minecraft:bone":2,"minecraft:stone_bricks":3,"minecraft:iron_ingot":5,"minecraft:beef":11,"minecraft:calcite":11,"minecraft:poppy":1,"minecraft:rabbit":2,"minecraft:coal_block":8,"minecraft:stick":3,"minecraft:raw_iron":14,"minecraft:smooth_basalt":6,"patchouli:guide_book":1,"minecraft:torch":3,"cataclysm:chiseled_stone_brick_pillar":1,"minecraft:spruce_sapling":4,"minecraft:diorite":11,"minecraft:spruce_log":12,"alexsmobs:animal_dictionary":1,"minecraft:arrow":1,"minecraft:rotten_flesh":6,"minecraft:stone_axe":1,"minecraft:pumpkin_pie":1,"solo_leveling:magic_crystalll":10,"ars_nouveau:worn_notebook":1,"minecraft:granite":4,"minecraft:black_wool":2,"minecraft:mutton":19,"minecraft:coal":3,"minecraft:white_wool":5,"minecraft:cobblestone":80},"minecraft:broken":{"minecraft:stone_pickaxe":1},"minecraft:killed":{"solo_leveling:goblin_2":7,"minecraft:iron_golem":1,"minecraft:skeleton":1,"minecraft:sheep":7,"cataclysm:deepling_brute":1,"minecraft:zombie":7,"solo_leveling:goblin":3,"minecraft:cow":4},"minecraft:dropped":{"minecraft:bread":4,"minecraft:stone_axe":2,"minecraft:cooked_beef":2,"minecraft:stone_sword":1,"minecraft:crafting_table":1,"minecraft:wheat":2,"minecraft:rotten_flesh":5,"minecraft:cobblestone":69,"minecraft:amethyst_block":7,"minecraft:granite":4,"minecraft:stick":4,"minecraft:poppy":1,"minecraft:dirt":3,"minecraft:diorite":11,"minecraft:andesite":18,"minecraft:wooden_pickaxe":1,"minecraft:calcite":2,"minecraft:white_wool":5,"minecraft:spruce_sapling":4,"minecraft:smooth_basalt":6},"minecraft:custom":{"minecraft:interact_with_furnace":15,"lootr:looted_stat":4,"minecraft:mob_kills":32,"minecraft:interact_with_crafting_table":9,"minecraft:interact_with_campfire":4,"minecraft:leave_game":1,"minecraft:time_since_death":15957,"minecraft:sleep_in_bed":2,"minecraft:climb_one_cm":4715,"minecraft:time_since_rest":16025,"minecraft:sprint_one_cm":261003,"minecraft:walk_one_cm":504254,"minecraft:damage_blocked_by_shield":225,"minecraft:drop":30,"minecraft:damage_dealt":6006,"minecraft:swim_one_cm":57468,"minecraft:player_kills":1,"minecraft:fly_one_cm":197908,"minecraft:crouch_one_cm":26662,"minecraft:play_time":89176,"minecraft:deaths":6,"minecraft:sneak_time":3718,"minecraft:walk_under_water_one_cm":7720,"minecraft:boat_one_cm":16290,"minecraft:jump":837,"minecraft:walk_on_water_one_cm":32216,"minecraft:total_world_time":89176,"minecraft:interact_with_smoker":5,"minecraft:fall_one_cm":15641},"minecraft:crafted":{"minecraft:cooked_beef":4,"minecraft:coal":9,"minecraft:crafting_table":3,"minecraft:spruce_planks":48,"minecraft:wooden_pickaxe":1,"minecraft:cooked_chicken":3,"minecraft:stone_axe":2,"minecraft:cooked_mutton":17,"minecraft:air":0,"minecraft:stick":24,"minecraft:iron_pickaxe":1,"minecraft:stone_pickaxe":1,"minecraft:stone_sword":1,"minecraft:spruce_boat":1,"minecraft:torch":48,"minecraft:cooked_rabbit":2},"minecraft:used":{"solo_leveling:iron_shield":12,"minecraft:cooked_mutton":3,"minecraft:stone_sword":35,"minecraft:stone_pickaxe":124,"minecraft:spruce_planks":3,"minecraft:wooden_pickaxe":13,"solo_leveling:classic_sword":75,"minecraft:torch":16,"minecraft:crafting_table":3,"minecraft:spruce_boat":1,"minecraft:bread":4,"minecraft:iron_pickaxe":56,"minecraft:stone_bricks":3,"minecraft:stone_axe":9,"minecraft:cooked_beef":4},"minecraft:mined":{"minecraft:smoker":1,"minecraft:crafting_table":1,"minecraft:torch":1,"minecraft:granite":4,"minecraft:budding_amethyst":1,"minecraft:calcite":9,"minecraft:grass_block":1,"cataclysm:chiseled_stone_brick_pillar":1,"minecraft:campfire":8,"minecraft:coal_block":8,"minecraft:spruce_leaves":4,"minecraft:diorite":11,"minecraft:amethyst_block":23,"minecraft:iron_ore":14,"minecraft:spruce_log":12,"minecraft:andesite":9,"minecraft:birch_leaves":3,"minecraft:stone_brick_stairs":1,"minecraft:grass":1,"solo_leveling:magic_crystal":7,"minecraft:dirt":3,"minecraft:smooth_basalt":6,"minecraft:stone_bricks":5,"minecraft:stone":81,"minecraft:oak_leaves":3}},"DataVersion":3465}