{"stats":{"minecraft:used":{"minecraft:stone_sword":50,"minecraft:stone_pickaxe":5,"minecraft:oak_planks":15,"minecraft:oak_sign":1,"minecraft:wooden_pickaxe":9,"minecraft:cooked_chicken":2,"minecraft:dirt":1,"minecraft:crafting_table":1,"minecraft:bread":2,"minecraft:stone_axe":12,"minecraft:cooked_beef":3,"minecraft:experience_bottle":1},"minecraft:custom":{"minecraft:interact_with_furnace":2,"lootr:looted_stat":12,"minecraft:mob_kills":11,"minecraft:interact_with_crafting_table":10,"minecraft:interact_with_campfire":17,"minecraft:eat_cake_slice":4,"minecraft:leave_game":1,"minecraft:time_since_death":26105,"minecraft:climb_one_cm":5012,"minecraft:time_since_rest":26105,"minecraft:sprint_one_cm":177031,"minecraft:damage_taken":439,"minecraft:walk_one_cm":143720,"minecraft:drop":18,"minecraft:damage_dealt":2190,"minecraft:damage_dealt_absorbed":60,"minecraft:swim_one_cm":1885,"minecraft:fly_one_cm":175058,"minecraft:open_chest":2,"minecraft:crouch_one_cm":6219,"minecraft:play_time":26105,"minecraft:sneak_time":1123,"minecraft:walk_under_water_one_cm":222,"minecraft:jump":425,"minecraft:walk_on_water_one_cm":1436,"minecraft:total_world_time":26105,"minecraft:fall_one_cm":11296},"minecraft:crafted":{"minecraft:cooked_beef":3,"minecraft:oak_planks":48,"minecraft:crafting_table":1,"minecraft:wooden_pickaxe":1,"minecraft:stone_axe":1,"minecraft:bread":12,"minecraft:air":0,"minecraft:stick":8,"minecraft:stone_pickaxe":1,"minecraft:chest":1,"minecraft:stone_sword":1},"minecraft:dropped":{"minecraft:wheat":1,"minecraft:iron_helmet":2,"minecraft:cobblestone":1,"minecraft:rotten_flesh":2,"minecraft:iron_boots":2,"minecraft:stick":1,"minecraft:torch":1,"minecraft:iron_chestplate":2,"minecraft:map":5,"minecraft:ladder":2,"minecraft:iron_leggings":2,"minecraft:arrow":2,"minecraft:bow":1,"minecraft:bone":1},"minecraft:mined":{"minecraft:white_bed":1,"minecraft:ladder":2,"minecraft:grass_block":1,"minecraft:campfire":2,"minecraft:tall_grass":2,"minecraft:cobblestone":9,"minecraft:oak_planks":1,"minecraft:grass":6,"minecraft:oak_log":12,"irons_spellbooks:inscription_table":1,"minecraft:stone_bricks":5},"minecraft:picked_up":{"minecraft:charcoal":4,"minecraft:iron_chestplate":3,"minecraft:cooked_beef":10,"minecraft:chicken":2,"minecraft:ladder":2,"minecraft:leather":5,"minecraft:potato":5,"minecraft:oak_log":12,"minecraft:dirt":1,"minecraft:string":3,"minecraft:iron_leggings":3,"minecraft:cooked_mutton":1,"minecraft:experience_bottle":1,"minecraft:bone":1,"minecraft:oak_sign":1,"minecraft:stone_bricks":5,"minecraft:bow":1,"minecraft:beef":13,"minecraft:cooked_chicken":2,"irons_spellbooks:inscription_table":1,"minecraft:oak_planks":1,"minecraft:iron_boots":3,"minecraft:white_bed":1,"minecraft:spider_eye":1,"minecraft:arrow":2,"minecraft:rotten_flesh":2,"minecraft:iron_helmet":3,"minecraft:baked_potato":4,"minecraft:mutton":1,"minecraft:cobblestone":9},"minecraft:killed":{"minecraft:spider":3,"minecraft:skeleton":1,"minecraft:zombie":3,"minecraft:cow":4}},"DataVersion":3465}