{"stats":{"minecraft:killed_by":{"minecraft:player":2,"solo_leveling:goblin":1,"solo_leveling:goblin_2":3},"minecraft:picked_up":{"minecraft:torch":1,"solo_leveling:magic_crystalll":8,"minecraft:baked_potato":2,"solo_leveling:magic_crystal":9},"minecraft:killed":{"solo_leveling:goblin":5,"solo_leveling:goblin_2":2},"minecraft:custom":{"minecraft:time_since_rest":754,"minecraft:crouch_one_cm":1470,"minecraft:sprint_one_cm":49847,"minecraft:play_time":19072,"minecraft:deaths":7,"minecraft:walk_one_cm":105652,"minecraft:sneak_time":406,"minecraft:mob_kills":9,"minecraft:jump":241,"minecraft:damage_dealt":1825,"minecraft:leave_game":2,"minecraft:time_since_death":0,"minecraft:total_world_time":19072,"minecraft:fall_one_cm":3208,"minecraft:fly_one_cm":92397,"minecraft:player_kills":3},"minecraft:used":{"minecraft:stone_axe":6,"minecraft:torch":1,"solo_leveling:dagger":37,"minecraft:stone_pickaxe":10,"minecraft:baked_potato":2},"minecraft:mined":{"solo_leveling:magic_crystal":10,"minecraft:torch":2}},"DataVersion":3465}