{"stats":{"minecraft:mined":{"minecraft:large_amethyst_bud":1,"minecraft:oak_fence":1,"minecraft:crafting_table":2,"minecraft:grass_block":5,"minecraft:chest":1,"minecraft:hay_block":14,"farmersdelight:wild_rice":12,"minecraft:wheat":2,"minecraft:grass":12,"minecraft:bookshelf":3,"minecraft:oak_log":16,"minecraft:iron_bars":1,"minecraft:dirt":3,"minecraft:stone":8,"minecraft:oak_leaves":1},"minecraft:dropped":{"minecraft:oak_log":4,"alexsmobs:animal_dictionary":1,"minecraft:wheat":2,"minecraft:experience_bottle":1,"minecraft:iron_helmet":5,"minecraft:rotten_flesh":7,"minecraft:oak_planks":20,"minecraft:iron_boots":5,"minecraft:leather":4,"minecraft:leather_helmet":3,"minecraft:stick":7,"ars_nouveau:worn_notebook":1,"minecraft:torch":1,"minecraft:iron_chestplate":8,"minecraft:rose_bush":2,"minecraft:iron_leggings":5,"minecraft:bow":7,"minecraft:wooden_pickaxe":3,"minecraft:armor_stand":9},"minecraft:custom":{"lootr:looted_stat":24,"minecraft:mob_kills":20,"minecraft:interact_with_crafting_table":9,"minecraft:leave_game":2,"minecraft:time_since_death":43624,"minecraft:sleep_in_bed":1,"minecraft:climb_one_cm":9879,"minecraft:time_since_rest":31241,"minecraft:sprint_one_cm":369701,"minecraft:damage_taken":76,"minecraft:walk_one_cm":300746,"minecraft:drop":70,"minecraft:damage_dealt":3150,"minecraft:swim_one_cm":4074,"minecraft:talked_to_villager":3,"minecraft:fly_one_cm":425838,"minecraft:open_chest":21,"minecraft:crouch_one_cm":6191,"minecraft:play_time":43624,"minecraft:sneak_time":985,"minecraft:walk_under_water_one_cm":466,"minecraft:jump":1007,"minecraft:walk_on_water_one_cm":4790,"minecraft:total_world_time":43624,"minecraft:fall_one_cm":25669},"minecraft:crafted":{"minecraft:oak_planks":64,"minecraft:crafting_table":1,"minecraft:wooden_pickaxe":1,"minecraft:stone_axe":1,"minecraft:stick":8,"minecraft:stone_pickaxe":1,"minecraft:chest":3,"minecraft:stone_sword":1},"minecraft:used":{"minecraft:oak_fence":1,"minecraft:iron_bars":1,"minecraft:stone_sword":12,"minecraft:armor_stand":5,"minecraft:stone_pickaxe":2,"minecraft:oak_planks":12,"minecraft:chest":4,"minecraft:wooden_pickaxe":10,"minecraft:iron_chestplate":1,"minecraft:dirt":5,"minecraft:crafting_table":3,"minecraft:lantern":1,"minecraft:bread":13,"minecraft:stone_button":1,"minecraft:iron_helmet":1,"minecraft:iron_boots":6,"minecraft:item_frame":1,"minecraft:stone_axe":43,"minecraft:experience_bottle":3,"minecraft:iron_leggings":1},"minecraft:killed":{"minecraft:iron_golem":1,"minecraft:creeper":1,"minecraft:sheep":8,"minecraft:skeleton":1,"minecraft:zombie":4,"minecraft:cow":5},"minecraft:picked_up":{"irons_spellbooks:scroll":1,"minecraft:crafting_table":2,"minecraft:iron_chestplate":9,"minecraft:wheat":2,"farmersdelight:rice":12,"minecraft:ladder":2,"minecraft:leather":11,"minecraft:wooden_pickaxe":2,"minecraft:oak_log":20,"minecraft:gunpowder":1,"minecraft:dirt":8,"minecraft:lantern":1,"minecraft:iron_leggings":6,"minecraft:item_frame":1,"minecraft:armor_stand":14,"minecraft:experience_bottle":4,"minecraft:bow":16,"irons_spellbooks:arcane_essence":1,"minecraft:wheat_seeds":6,"minecraft:iron_ingot":5,"minecraft:beef":12,"minecraft:rose_bush":2,"minecraft:chest":1,"minecraft:oak_planks":20,"minecraft:iron_boots":8,"minecraft:book":9,"minecraft:stick":6,"minecraft:oak_fence":1,"minecraft:stone_button":1,"minecraft:leather_helmet":2,"minecraft:rotten_flesh":10,"minecraft:iron_helmet":6,"minecraft:hay_block":14,"minecraft:gray_wool":1,"minecraft:gold_ingot":2,"minecraft:iron_bars":1,"minecraft:mutton":13,"minecraft:white_wool":7,"minecraft:cobblestone":8}},"DataVersion":3465}