{"stats":{"minecraft:used":{"minecraft:stone_sword":8,"minecraft:chest":4,"minecraft:wooden_pickaxe":10,"minecraft:iron_chestplate":1,"minecraft:dirt":2,"minecraft:crafting_table":3,"minecraft:bread":5,"minecraft:stone_button":1,"minecraft:iron_helmet":1,"minecraft:iron_boots":1,"minecraft:stone_axe":7,"minecraft:iron_leggings":1},"minecraft:custom":{"lootr:looted_stat":10,"minecraft:mob_kills":8,"minecraft:interact_with_crafting_table":7,"minecraft:leave_game":1,"minecraft:time_since_death":25769,"minecraft:sleep_in_bed":1,"minecraft:climb_one_cm":6222,"minecraft:time_since_rest":13386,"minecraft:sprint_one_cm":174784,"minecraft:damage_taken":10,"minecraft:walk_one_cm":199594,"minecraft:drop":53,"minecraft:damage_dealt":1006,"minecraft:swim_one_cm":4074,"minecraft:talked_to_villager":3,"minecraft:fly_one_cm":213106,"minecraft:open_chest":8,"minecraft:crouch_one_cm":3001,"minecraft:play_time":25769,"minecraft:sneak_time":410,"minecraft:walk_under_water_one_cm":466,"minecraft:jump":518,"minecraft:walk_on_water_one_cm":3811,"minecraft:total_world_time":25769,"minecraft:fall_one_cm":13290},"minecraft:crafted":{"minecraft:oak_planks":36,"minecraft:crafting_table":1,"minecraft:wooden_pickaxe":1,"minecraft:stone_axe":1,"minecraft:stick":8,"minecraft:stone_pickaxe":1,"minecraft:stone_sword":1,"minecraft:chest":3},"minecraft:dropped":{"minecraft:oak_log":4,"alexsmobs:animal_dictionary":1,"minecraft:wheat":2,"minecraft:iron_helmet":5,"minecraft:rotten_flesh":2,"minecraft:oak_planks":20,"minecraft:iron_boots":4,"minecraft:stick":7,"ars_nouveau:worn_notebook":1,"minecraft:torch":1,"minecraft:iron_chestplate":8,"minecraft:rose_bush":2,"minecraft:iron_leggings":5,"minecraft:bow":5,"minecraft:wooden_pickaxe":3,"minecraft:armor_stand":5},"minecraft:mined":{"minecraft:crafting_table":2,"minecraft:grass_block":2,"minecraft:chest":1,"minecraft:hay_block":14,"farmersdelight:wild_rice":12,"minecraft:wheat":2,"minecraft:grass":4,"minecraft:bookshelf":3,"minecraft:oak_log":9,"minecraft:stone":8,"minecraft:oak_leaves":1},"minecraft:picked_up":{"irons_spellbooks:scroll":1,"minecraft:iron_chestplate":9,"minecraft:crafting_table":2,"minecraft:wheat":2,"farmersdelight:rice":12,"minecraft:ladder":2,"minecraft:leather":5,"minecraft:wooden_pickaxe":2,"minecraft:oak_log":13,"minecraft:dirt":2,"minecraft:iron_leggings":6,"minecraft:armor_stand":5,"minecraft:bow":16,"irons_spellbooks:arcane_essence":1,"minecraft:wheat_seeds":6,"minecraft:beef":12,"minecraft:rose_bush":2,"minecraft:chest":1,"minecraft:oak_planks":20,"minecraft:iron_boots":5,"minecraft:book":9,"minecraft:stick":6,"minecraft:stone_button":1,"minecraft:rotten_flesh":2,"minecraft:iron_helmet":6,"minecraft:hay_block":14,"minecraft:cobblestone":8},"minecraft:killed":{"minecraft:skeleton":1,"minecraft:zombie":2,"minecraft:cow":5}},"DataVersion":3465}