{"stats":{"minecraft:killed_by":{"minecraft:player":2,"solo_leveling:goblin":1,"solo_leveling:goblin_2":2,"minecraft:skeleton":1,"minecraft:zombie":1,"cataclysm:coralssus":1,"solo_leveling:giga_goblin":3},"minecraft:picked_up":{"minecraft:crafting_table":1,"irons_spellbooks:tarnished_helmet":1,"minecraft:oak_log":5,"minecraft:string":30,"solo_leveling:magic_crystal":14,"minecraft:smooth_stone_slab":2,"minecraft:item_frame":1,"minecraft:bone":7,"irons_spellbooks:arcane_essence":1,"minecraft:oak_planks":40,"epicfight:skillbook":1,"minecraft:carrot":15,"minecraft:spider_eye":3,"minecraft:tnt":1,"minecraft:stone_sword":2,"minecraft:arrow":9,"minecraft:rotten_flesh":1,"minecraft:stone_axe":1,"minecraft:pumpkin_pie":1,"solo_leveling:magic_crystalll":23,"minecraft:bread":5,"minecraft:emerald":1,"minecraft:oak_sapling":3,"minecraft:cobblestone":31},"minecraft:dropped":{"minecraft:stone_sword":1},"minecraft:killed":{"solo_leveling:giga_goblin":1,"minecraft:spider":5,"solo_leveling:goblin_2":8,"irons_spellbooks:necromancer":1,"minecraft:skeleton":7,"minecraft:zombie":1,"cataclysm:deepling":1,"solo_leveling:goblin":7},"minecraft:custom":{"lootr:looted_stat":2,"minecraft:interact_with_furnace":1,"minecraft:mob_kills":38,"minecraft:interact_with_crafting_table":2,"minecraft:eat_cake_slice":3,"minecraft:leave_game":8,"minecraft:time_since_death":2509,"minecraft:sleep_in_bed":2,"minecraft:climb_one_cm":2841,"minecraft:time_since_rest":2695,"minecraft:sprint_one_cm":351128,"minecraft:walk_one_cm":293144,"minecraft:drop":1,"minecraft:damage_dealt":5444,"minecraft:swim_one_cm":474,"minecraft:talked_to_villager":4,"minecraft:fly_one_cm":356634,"minecraft:player_kills":2,"minecraft:crouch_one_cm":1405,"minecraft:play_time":55808,"minecraft:deaths":11,"minecraft:sneak_time":465,"minecraft:walk_under_water_one_cm":667,"minecraft:jump":952,"minecraft:walk_on_water_one_cm":18265,"minecraft:total_world_time":55808,"minecraft:fall_one_cm":16980},"minecraft:crafted":{"minecraft:oak_planks":20,"minecraft:crafting_table":1,"minecraft:wooden_pickaxe":1,"minecraft:stick":8,"minecraft:stone_pickaxe":1,"minecraft:stone_sword":1},"minecraft:used":{"epicfight:skillbook":1,"minecraft:stone_sword":88,"minecraft:stone_pickaxe":16,"minecraft:oak_planks":1,"minecraft:wooden_pickaxe":31,"minecraft:crafting_table":2,"minecraft:carrot":19,"solo_leveling:rasaka_venom":52,"solo_leveling:dagger":1,"minecraft:bread":5,"minecraft:item_frame":1,"minecraft:stone_axe":2,"minecraft:smooth_stone_slab":2,"minecraft:pumpkin_pie":1},"minecraft:mined":{"farmersdelight:wild_carrots":15,"minecraft:crafting_table":1,"minecraft:white_stained_glass_pane":1,"minecraft:oak_planks":1,"minecraft:tnt":1,"minecraft:smooth_stone_slab":1,"minecraft:grass":2,"minecraft:oak_log":5,"solo_leveling:magic_crystal":14,"minecraft:cobweb":28,"minecraft:stone":31,"minecraft:oak_leaves":1}},"DataVersion":3465}