{"stats":{"minecraft:mined":{"minecraft:hay_block":24,"minecraft:white_bed":1,"farmersdelight:cutting_board":1,"minecraft:fire":2,"minecraft:spruce_trapdoor":1,"minecraft:oak_fence":1,"minecraft:crafting_table":5,"minecraft:grass":1,"minecraft:oak_log":4,"minecraft:campfire":2,"minecraft:dirt":3,"minecraft:tall_grass":1,"irons_spellbooks:inscription_table":1,"minecraft:stone":22,"minecraft:oak_leaves":4},"minecraft:dropped":{"minecraft:oak_sapling":1},"minecraft:custom":{"minecraft:time_since_rest":12132,"lootr:looted_stat":10,"minecraft:sprint_one_cm":142645,"minecraft:damage_taken":150,"minecraft:walk_one_cm":113951,"minecraft:drop":1,"minecraft:damage_dealt":49,"minecraft:interact_with_crafting_table":11,"minecraft:swim_one_cm":1889,"minecraft:fly_one_cm":185454,"minecraft:open_chest":8,"minecraft:crouch_one_cm":3000,"minecraft:play_time":18784,"minecraft:sneak_time":581,"minecraft:walk_under_water_one_cm":253,"minecraft:jump":385,"minecraft:leave_game":1,"minecraft:walk_on_water_one_cm":1190,"minecraft:time_since_death":18784,"minecraft:sleep_in_bed":1,"minecraft:climb_one_cm":5451,"minecraft:total_world_time":18784,"minecraft:fall_one_cm":15520},"minecraft:crafted":{"farmersdelight:cutting_board":1,"minecraft:oak_planks":16,"minecraft:shield":1,"minecraft:crafting_table":1,"minecraft:stick":8,"minecraft:wooden_pickaxe":1,"minecraft:stone_pickaxe":1,"minecraft:stone_axe":1,"minecraft:bread":72,"minecraft:wheat":216},"minecraft:used":{"minecraft:oak_fence":1,"minecraft:lantern":1,"minecraft:bread":6,"minecraft:wooden_pickaxe":25,"minecraft:stone_axe":11,"minecraft:torch":1,"farmersdelight:cutting_board":1,"minecraft:mutton":1,"minecraft:dirt":3,"minecraft:cobblestone":2,"minecraft:crafting_table":5,"minecraft:egg":1},"minecraft:picked_up":{"minecraft:charcoal":4,"minecraft:stick":3,"minecraft:crafting_table":5,"minecraft:oak_fence":1,"minecraft:torch":1,"minecraft:oak_log":4,"minecraft:white_bed":1,"farmersdelight:cutting_board":1,"minecraft:dirt":3,"minecraft:lantern":1,"minecraft:hay_block":24,"minecraft:beef":2,"minecraft:rabbit":4,"minecraft:oak_sapling":1,"minecraft:spruce_trapdoor":1,"minecraft:mutton":3,"irons_spellbooks:inscription_table":1,"minecraft:cobblestone":22,"minecraft:egg":1}},"DataVersion":3465}